"node_id","parent_id","size_percent","mutation","sample_id"
"3","root",NA,"none","AML-119-001"
"2","3",0.095,"SF3B1 p.K666N","AML-119-001"
"0","2",0.407,"IDH1 p.R132H","AML-119-001"
"1","0",0.497,"NPM1 p.L287fs","AML-119-001"
"5","root",NA,"none","AML-24-001"
"0","5",0.036,"DNMT3A p.R882H","AML-24-001"
"3","0",0.301,"U2AF1 p.S34Y","AML-24-001"
"1","3",0.305,"FLT3-ITD ","AML-24-001"
"4","1",0.339,"WT1 p.C453Y","AML-24-001"
"2","3",0.018,"FLT3 p.A680V","AML-24-001"
"4","root",NA,"none","AML-113-001"
"2","4",0.342,"NPM1 p.L287fs","AML-113-001"
"3","4",0.097,"STAG2 p.P1040fs","AML-113-001"
"0","3",0.475,"DNMT3A p.G298R","AML-113-001"
"1","0",0.086,"IDH1 p.R132H","AML-113-001"
"2","root",NA,"none","AML-110-001"
"1","2",0.878,"TP53 p.C176Y","AML-110-001"
"0","1",0.122,"KRAS p.G12V","AML-110-001"
"5","root",NA,"none","AML-83-002"
"1","5",0.033,"DNMT3A p.V763fs","AML-83-002"
"2","1",0.071,"IDH2 p.R172K","AML-83-002"
"0","2",0.503,"DNMT3A p.L889P","AML-83-002"
"3","0",0.263,"NRAS p.G12A","AML-83-002"
"4","0",0.129,"NRAS p.G12S","AML-83-002"
"4","root",NA,"none","AML-13-001"
"0","4",0.231,"IDH2 p.R140Q","AML-13-001"
"3","0",0.211,"WT1 p.R462P","AML-13-001"
"1","3",0.445,"NPM1 p.L287fs","AML-13-001"
"2","4",0.113,"TP53 p.V172fs","AML-13-001"
"4","root",NA,"none","AML-115-001"
"1","4",0.108,"IDH2 p.R140Q","AML-115-001"
"0","1",0.342,"DNMT3A p.R882H","AML-115-001"
"3","0",0.35,"SRSF2 p.P95R","AML-115-001"
"2","3",0.2,"NPM1 p.L287fs","AML-115-001"
"3","root",NA,"none","AML-116-001"
"2","3",0.173,"TET2 p.R1237X","AML-116-001"
"1","2",0.287,"TET2 p.L1046fs","AML-116-001"
"0","1",0.487,"NPM1 p.L287fs","AML-116-001"
"3","root",NA,"none","AML-43-001"
"2","3",0.034,"WT1 splicing","AML-43-001"
"0","2",0.097,"FLT3-ITD ","AML-43-001"
"1","0",0.869,"WT1 p.S381fs","AML-43-001"
"12","root",NA,"none","AML-38-003"
"6","12",0.015,"NPM1 p.L287fs","AML-38-003"
"2","6",0.054,"IDH1 p.R132H","AML-38-003"
"4","2",0.238,"KRAS p.G12A","AML-38-003"
"1","4",0.015,"FLT3 p.D835H","AML-38-003"
"10","2",0.476,"PTPN11 p.D61H","AML-38-003"
"5","10",0.035,"KRAS p.G12D","AML-38-003"
"11","10",0.095,"PTPN11 p.G503A","AML-38-003"
"3","6",0.018,"IDH2 p.R140Q","AML-38-003"
"7","3",0.022,"NRAS p.G12A","AML-38-003"
"8","3",0.027,"NRAS p.G13R","AML-38-003"
"9","3",0.005,"PTPN11 p.A72G","AML-38-003"
"4","root",NA,"none","AML-87-001"
"0","4",0.06,"FLT3-ITD ","AML-87-001"
"1","0",0.105,"MYC p.P74Q","AML-87-001"
"3","1",0.308,"WT1 p.R462W","AML-87-001"
"2","4",0.527,"WT1 p.A382fs","AML-87-001"
"5","root",NA,"none","AML-74-001"
"1","5",0.249,"NPM1 p.L287fs","AML-74-001"
"0","1",0.168,"KRAS p.G60D","AML-74-001"
"2","1",0.188,"NRAS p.G12D","AML-74-001"
"3","1",0.231,"PTPN11 p.D61A","AML-74-001"
"4","1",0.164,"WT1 p.S381X","AML-74-001"
"4","root",NA,"none","AML-10-001"
"3","4",0.181,"WT1 p.R430P","AML-10-001"
"1","3",0.291,"GATA2 p.T303A","AML-10-001"
"2","1",0.296,"SRSF2 p.P95L","AML-10-001"
"0","2",0.232,"FLT3-ITD ","AML-10-001"
"3","root",NA,"none","AML-19-001"
"0","3",0.126,"FLT3-ITD ","AML-19-001"
"1","0",0.528,"RUNX1 p.Q264fs","AML-19-001"
"2","1",0.345,"WT1 p.S381fs","AML-19-001"
"4","root",NA,"none","AML-27-001"
"0","4",0.048,"DNMT3A p.R882C","AML-27-001"
"1","0",0.07,"FLT3-ITD ","AML-27-001"
"3","1",0.2,"TP53 p.Q192X","AML-27-001"
"2","3",0.682,"NPM1 p.L287fs","AML-27-001"
"4","root",NA,"none","AML-77-001"
"3","4",0.014,"U2AF1 p.Q84R","AML-77-001"
"1","3",0.101,"IDH2 p.R172K","AML-77-001"
"0","1",0.818,"ASXL1 p.G642fs","AML-77-001"
"2","0",0.067,"NRAS p.G12V","AML-77-001"
"6","root",NA,"none","AML-84-001"
"0","6",0.011,"ASXL1 p.G642fs","AML-84-001"
"3","0",0.01,"PHF6 p.N171fs","AML-84-001"
"1","3",0.027,"FLT3-ITD ","AML-84-001"
"4","1",0.148,"RUNX1 p.R107H","AML-84-001"
"2","4",0.767,"IDH2 p.R140Q","AML-84-001"
"5","0",0.013,"TET2 p.Q1009X","AML-84-001"
"7","root",NA,"none","AML-40-001"
"3","7",0.141,"IDH2 p.R140Q","AML-40-001"
"4","3",0.254,"NPM1 p.L287fs","AML-40-001"
"1","4",0.051,"FLT3 c.C2028A","AML-40-001"
"2","4",0.111,"FLT3 c.C2028G","AML-40-001"
"5","4",0.297,"NRAS p.G12D","AML-40-001"
"0","5",0.068,"FLT3-ITD ","AML-40-001"
"6","5",0.061,"NRAS p.G13D","AML-40-001"
"3","root",NA,"none","AML-49-001"
"2","3",0.048,"NRAS p.G12D","AML-49-001"
"0","2",0.149,"FLT3-ITD ","AML-49-001"
"1","0",0.803,"NPM1 p.L287fs","AML-49-001"
"3","root",NA,"none","AML-36-001"
"0","3",0.36,"FLT3 p.D835E","AML-36-001"
"1","0",0.291,"NRAS p.G12D","AML-36-001"
"2","3",0.348,"NRAS p.G12S","AML-36-001"
"4","root",NA,"none","AML-01-001"
"0","4",0.04,"FLT3-ITD ","AML-01-001"
"2","0",0.315,"WT1 p.R370fs","AML-01-001"
"1","2",0.621,"NPM1 p.L287fs","AML-01-001"
"3","1",0.024,"WT1 p.R380fs","AML-01-001"
"3","root",NA,"none","AML-08-001"
"1","3",0.099,"IDH2 p.R140Q","AML-08-001"
"0","1",0.378,"DNMT3A p.R882H","AML-08-001"
"2","0",0.523,"SRSF2 p.P95L","AML-08-001"
"6","root",NA,"none","AML-51-001"
"0","6",0.085,"DNMT3A p.R882C","AML-51-001"
"3","0",0.321,"NPM1 p.L287fs","AML-51-001"
"1","3",0.188,"FLT3-ITD ","AML-51-001"
"2","3",0.309,"FLT3 p.D835Y","AML-51-001"
"4","3",0.041,"NRAS p.G12D","AML-51-001"
"5","3",0.055,"NRAS p.G12V","AML-51-001"
"3","root",NA,"none","AML-58-001"
"0","3",0.17,"DNMT3A p.R882H","AML-58-001"
"1","0",0.315,"IDH2 p.R140Q","AML-58-001"
"2","1",0.514,"SRSF2 p.P95H","AML-58-001"
"4","root",NA,"none","AML-66-001"
"0","4",0.159,"ASXL1 p.G642fs","AML-66-001"
"3","0",0.159,"SRSF2 p.P95L","AML-66-001"
"2","3",0.342,"PTPN11 p.G503E","AML-66-001"
"1","2",0.34,"NRAS p.G12S","AML-66-001"
"4","root",NA,"none","AML-95-001"
"3","4",0.317,"TET2 p.N926D","AML-95-001"
"0","3",0.382,"FLT3-ITD ","AML-95-001"
"1","0",0.155,"IDH1 p.R132H","AML-95-001"
"2","0",0.147,"SETBP1 p.D868N","AML-95-001"
"5","root",NA,"none","AML-02-001"
"0","5",0.071,"DNMT3A p.R882H","AML-02-001"
"4","0",0.035,"SF3B1 p.K666N","AML-02-001"
"1","4",0.161,"FLT3 p.D835V","AML-02-001"
"3","1",0.513,"RUNX1 p.S141fs","AML-02-001"
"2","3",0.22,"JAK2 p.V617F","AML-02-001"
"3","root",NA,"none","AML-35-001"
"1","3",0.441,"NRAS p.G12D","AML-35-001"
"0","1",0.276,"FLT3-ITD ","AML-35-001"
"2","1",0.282,"PTPN11 p.A72V","AML-35-001"
"6","root",NA,"none","AML-96-001"
"5","6",0.214,"RUNX1 p.L129fs","AML-96-001"
"0","5",0.11,"FLT3 p.V592A","AML-96-001"
"1","5",0.047,"KRAS p.G12V","AML-96-001"
"2","5",0.414,"NRAS p.G12D","AML-96-001"
"3","5",0.101,"NRAS p.G12R","AML-96-001"
"4","5",0.114,"NRAS p.G12S","AML-96-001"
"2","root",NA,"none","AML-65-001"
"0","2",0.259,"DNMT3A p.R882H","AML-65-001"
"1","0",0.741,"FLT3-ITD ","AML-65-001"
"12","root",NA,"none","AML-38-002"
"6","12",0.08,"NPM1 p.L287fs","AML-38-002"
"2","6",0.038,"IDH1 p.R132H","AML-38-002"
"4","2",0.207,"KRAS p.G12A","AML-38-002"
"10","2",0.486,"PTPN11 p.D61H","AML-38-002"
"5","10",0.037,"KRAS p.G12D","AML-38-002"
"11","10",0.036,"PTPN11 p.G503A","AML-38-002"
"3","6",0.038,"IDH2 p.R140Q","AML-38-002"
"0","3",0.009,"FLT3-ITD ","AML-38-002"
"7","3",0.023,"NRAS p.G12A","AML-38-002"
"8","3",0.046,"NRAS p.G13R","AML-38-002"
"7","root",NA,"none","AML-88-001-10"
"5","7",1,"SF3B1 p.K666R","AML-88-001-10"
"3","root",NA,"none","AML-52-001"
"1","3",0.273,"IDH2 p.R140Q","AML-52-001"
"2","1",0.541,"NPM1 p.L287fs","AML-52-001"
"0","2",0.187,"FLT3-ITD ","AML-52-001"
"3","root",NA,"none","AML-37-001"
"0","3",0.05,"DNMT3A p.N879D","AML-37-001"
"2","0",0.183,"NRAS p.G12D","AML-37-001"
"1","2",0.768,"NPM1 p.L287fs","AML-37-001"
"6","root",NA,"none","AML-09-001"
"4","6",0.149,"NPM1 p.L287fs","AML-09-001"
"0","4",0.694,"FLT3-ITD ","AML-09-001"
"1","4",0.086,"FLT3 p.D835E","AML-09-001"
"2","4",0.017,"FLT3 p.D835Y","AML-09-001"
"3","4",0.053,"KRAS p.G13D","AML-09-001"
"4","root",NA,"none","AML-63-002"
"1","4",0.403,"IDH2 p.R140Q","AML-63-002"
"3","1",0.386,"NPM1 p.L287fs","AML-63-002"
"0","3",0.212,"FLT3-ITD ","AML-63-002"
"11","root",NA,"none","AML-99-002"
"2","11",0.025,"DNMT3A p.R882H","AML-99-002"
"5","2",0.01,"IDH2 p.R140Q","AML-99-002"
"6","5",0.003,"NRAS p.G60E","AML-99-002"
"8","5",0.359,"RUNX1 p.R162K","AML-99-002"
"0","8",0.039,"CSF3R p.Q768X","AML-99-002"
"10","8",0.337,"SRSF2 p.P95L","AML-99-002"
"9","10",0.104,"RUNX1 p.S318fs","AML-99-002"
"4","root",NA,"none","AML-59-001"
"1","4",0.069,"IDH1 p.R132C","AML-59-001"
"3","1",0.159,"RUNX1 p.K152fs","AML-59-001"
"0","3",0.573,"DNMT3A p.R882H","AML-59-001"
"2","0",0.199,"RUNX1 p.D198N","AML-59-001"
"5","root",NA,"none","AML-97-005"
"0","5",1,"DNMT3A p.R882H","AML-97-005"
"2","root",NA,"none","AML-50-001"
"0","2",0.229,"FLT3 p.Y572C","AML-50-001"
"1","0",0.771,"NPM1 p.L287fs","AML-50-001"
"5","root",NA,"none","AML-94-001"
"4","5",0.026,"TET2 p.G1296R","AML-94-001"
"1","4",0.072,"IDH1 p.R132C","AML-94-001"
"0","1",0.161,"BCOR p.R1183X","AML-94-001"
"3","1",0.339,"STAG2 p.Y636","AML-94-001"
"2","3",0.402,"SRSF2 p.P95R","AML-94-001"
"12","root",NA,"none","AML-04-002"
"6","12",0.048,"SF3B1 p.K666N","AML-04-002"
"7","6",0.046,"SRSF2 p.P95H","AML-04-002"
"0","7",0.035,"FLT3-ITD ","AML-04-002"
"5","0",0.013,"PTPN11 p.F71L","AML-04-002"
"1","7",0.007,"FLT3 p.D835E","AML-04-002"
"9","1",0.001,"WT1 p.R380W","AML-04-002"
"10","9",0.025,"WT1 p.R380fs","AML-04-002"
"3","7",0.363,"IDH1 p.R132S","AML-04-002"
"4","7",0.129,"NRAS p.G12D","AML-04-002"
"2","4",0.263,"IDH1 p.R132C","AML-04-002"
"8","2",0.041,"WT1 p.R369fs","AML-04-002"
"11","2",0.029,"WT1 p.V371fs","AML-04-002"
"7","root",NA,"none","AML-67-001"
"0","7",0.155,"IDH2 p.R140Q","AML-67-001"
"5","7",0.032,"U2AF1 p.Q84R","AML-67-001"
"6","5",0.067,"U2AF1 p.S34F","AML-67-001"
"2","6",0.316,"KRAS p.Q61H","AML-67-001"
"3","6",0.4,"NRAS p.G12S","AML-67-001"
"1","3",0.018,"KRAS p.G60V","AML-67-001"
"4","3",0.012,"TP53 p.R202C","AML-67-001"
"2","root",NA,"none","AML-03-001"
"0","2",0.228,"FLT3-ITD ","AML-03-001"
"1","0",0.772,"NPM1 p.L287fs","AML-03-001"
"4","root",NA,"none","AML-34-001"
"1","4",0.247,"NRAS p.G12D","AML-34-001"
"2","4",0.253,"NRAS p.G13D","AML-34-001"
"3","4",0.243,"SF3B1 p.K700E","AML-34-001"
"0","3",0.257,"KRAS p.G12D","AML-34-001"
"3","root",NA,"none","AML-07-002"
"0","3",0.288,"IDH2 p.R140Q","AML-07-002"
"2","0",0.584,"SRSF2 p.P95H","AML-07-002"
"1","2",0.128,"RUNX1 p.D123fs","AML-07-002"
"4","root",NA,"none","AML-64-001"
"1","4",0.08,"IDH2 p.R140Q","AML-64-001"
"0","1",0.22,"DNMT3A p.R882H","AML-64-001"
"3","0",0.644,"SRSF2 p.P95H","AML-64-001"
"2","3",0.056,"NRAS p.Q61K","AML-64-001"
"5","root",NA,"none","AML-97-001"
"0","5",0.064,"DNMT3A p.R882H","AML-97-001"
"3","0",0.242,"NRAS p.G13D","AML-97-001"
"2","3",0.694,"NPM1 p.L287fs","AML-97-001"
"3","root",NA,"none","AML-53-001"
"0","3",0.328,"FLT3-ITD ","AML-53-001"
"1","3",0.389,"NRAS p.G12D","AML-53-001"
"2","1",0.015,"NRAS p.G13R","AML-53-001"
"2","root",NA,"none","AML-122-001"
"1","2",0.428,"SF3B1 p.K666N","AML-122-001"
"0","1",0.572,"NPM1 p.L287fs","AML-122-001"
"4","root",NA,"none","AML-39-002"
"3","4",0.167,"SF3B1 p.K700E","AML-39-002"
"0","3",0.565,"GATA2 p.N297S","AML-39-002"
"2","0",0.269,"PTPN11 p.G503A","AML-39-002"
"5","root",NA,"none","AML-121-001"
"0","5",0.117,"DNMT3A p.R882H","AML-121-001"
"1","0",0.081,"FLT3 p.D835H","AML-121-001"
"3","0",0.218,"KRAS p.G12D","AML-121-001"
"4","3",0.393,"NPM1 p.L287fs","AML-121-001"
"2","4",0.082,"FLT3 p.N676T","AML-121-001"
"3","root",NA,"none","AML-109-001"
"0","3",0.283,"IDH2 p.R140Q","AML-109-001"
"1","0",0.302,"NPM1 p.L287fs","AML-109-001"
"2","1",0.415,"SRSF2 p.P95H","AML-109-001"
"4","root",NA,"none","AML-25-001"
"1","4",0.088,"EZH2 p.R670C","AML-25-001"
"0","1",0.315,"ASXL1 p.G642fs","AML-25-001"
"3","0",0.542,"RUNX1 p.Q335X","AML-25-001"
"2","3",0.054,"FLT3-ITD ","AML-25-001"
"1","root",NA,"none","AML-106-001"
"0","1",1,"TP53 p.D281N","AML-106-001"
"3","root",NA,"none","AML-12-001"
"1","3",0.554,"NPM1 p.L287fs","AML-12-001"
"0","1",0.176,"FLT3 p.836","AML-12-001"
"2","1",0.269,"PTPN11 p.E76V","AML-12-001"
"4","root",NA,"none","AML-105-001"
"2","4",0.211,"RUNX1 p.D93fs","AML-105-001"
"0","2",0.068,"DNMT3A p.R882C","AML-105-001"
"3","0",0.192,"U2AF1 p.S34F","AML-105-001"
"1","3",0.529,"NRAS p.G12S","AML-105-001"
"8","root",NA,"none","AML-100-001"
"7","8",0.01,"TET2 p.K228R","AML-100-001"
"0","7",0.018,"DNMT3A p.R882H","AML-100-001"
"5","0",0.048,"PTPN11 p.Q79R","AML-100-001"
"2","5",0.219,"IDH2 p.R140Q","AML-100-001"
"3","2",0.24,"NPM1 p.L287fs","AML-100-001"
"1","3",0.288,"FLT3-ITD ","AML-100-001"
"6","0",0.066,"SMC3 p.G667A","AML-100-001"
"4","6",0.04,"NRAS p.G13D","AML-100-001"
"4","root",NA,"none","AML-103-001"
"2","4",0.039,"TET2 p.Q1563X","AML-103-001"
"3","2",0.111,"U2AF1 p.S34F","AML-103-001"
"0","3",0.474,"DNMT3A p.R882C","AML-103-001"
"1","0",0.376,"NRAS p.Q61K","AML-103-001"
"6","root",NA,"none","AML-42-001"
"1","6",0.023,"EZH2 p.R676H","AML-42-001"
"3","1",0.209,"NRAS p.G13D","AML-42-001"
"0","3",0.514,"ASXL1 p.G642fs","AML-42-001"
"2","0",0.068,"NRAS p.G12D","AML-42-001"
"4","0",0.083,"NRAS p.G13V","AML-42-001"
"5","0",0.088,"RUNX1 p.A142fs","AML-42-001"
"5","root",NA,"none","AML-21-002"
"3","5",0.05,"WT1 p.A382fs","AML-21-002"
"1","3",0.009,"NPM1 p.L287fs","AML-21-002"
"0","1",0.053,"FLT3-ITD ","AML-21-002"
"4","0",0.885,"WT1 p.S381fs","AML-21-002"
"2","1",0.003,"NRAS p.G12D","AML-21-002"
"4","root",NA,"none","AML-75-001"
"1","4",0.182,"NPM1 p.L287fs","AML-75-001"
"2","4",0.053,"NRAS p.G12R","AML-75-001"
"0","2",0.241,"EZH2 p.H680Y","AML-75-001"
"3","4",0.524,"SRSF2 p.P95H","AML-75-001"
"3","root",NA,"none","AML-86-001"
"1","3",0.239,"MYC p.P74A","AML-86-001"
"0","1",0.486,"GATA2 p.G320C","AML-86-001"
"2","0",0.275,"MYC p.P74L","AML-86-001"
"3","root",NA,"none","AML-18-001"
"1","3",0.174,"IDH2 p.R172K","AML-18-001"
"2","1",0.273,"RUNX1 splicing","AML-18-001"
"0","2",0.553,"ASXL1 p.P808fs","AML-18-001"
"2","root",NA,"none","AML-11-001"
"1","2",0.396,"SRSF2 p.P95A","AML-11-001"
"0","1",0.604,"ASXL1 p.G642fs","AML-11-001"
"7","root",NA,"none","AML-88-002"
"5","7",0.008,"SF3B1 p.K666R","AML-88-002"
"1","5",0.023,"FLT3-ITD ","AML-88-002"
"6","1",0.099,"TET2 p.S1267X","AML-88-002"
"0","6",0.331,"DNMT3A p.R882H","AML-88-002"
"4","0",0.539,"NPM1 p.L287fs","AML-88-002"
"4","root",NA,"none","AML-63-003"
"1","4",1,"IDH2 p.R140Q","AML-63-003"
"11","root",NA,"none","AML-99-003"
"2","11",0.063,"DNMT3A p.R882H","AML-99-003"
"5","2",0.028,"IDH2 p.R140Q","AML-99-003"
"8","5",0.352,"RUNX1 p.R162K","AML-99-003"
"10","8",0.349,"SRSF2 p.P95L","AML-99-003"
"7","10",0.061,"PTPN11 p.I282V","AML-99-003"
"6","root",NA,"none","AML-26-001"
"0","6",0.273,"DNMT3A p.R882H","AML-26-001"
"2","0",0.117,"FLT3 p.D835Y","AML-26-001"
"4","0",0.17,"NPM1 p.L287fs","AML-26-001"
"1","4",0.191,"FLT3 p.D835A","AML-26-001"
"3","4",0.137,"KRAS p.Q61L","AML-26-001"
"5","4",0.112,"NRAS p.G13D","AML-26-001"
"3","root",NA,"none","AML-85-001"
"1","3",0.35,"TET2 p.E1534K","AML-85-001"
"2","1",0.363,"TP53 p.R213X","AML-85-001"
"0","2",0.286,"PPM1D p.K480fs","AML-85-001"
"5","root",NA,"none","AML-97-004"
"0","5",1,"DNMT3A p.R882H","AML-97-004"
"2","root",NA,"none","AML-107-002"
"1","2",0.183,"TP53 splicing","AML-107-002"
"0","1",0.817,"DNMT3A p.R736C","AML-107-002"
"8","root",NA,"none","AML-76-001"
"7","8",0.023,"U2AF1 p.S34F","AML-76-001"
"0","7",0.069,"DNMT3A p.R882P","AML-76-001"
"1","0",0.13,"FLT3-ITD ","AML-76-001"
"6","0",0.455,"NRAS p.Q61H","AML-76-001"
"2","6",0.081,"FLT3 p.836","AML-76-001"
"3","6",0.066,"FLT3 p.D839G","AML-76-001"
"4","6",0.093,"NRAS p.G12A","AML-76-001"
"5","6",0.083,"NRAS p.G13R","AML-76-001"
"2","root",NA,"none","AML-48-001"
"0","2",0.784,"IDH2 p.R172K","AML-48-001"
"1","2",0.216,"KRAS p.V14I","AML-48-001"
"9","root",NA,"none","AML-41-001"
"7","9",0.054,"TP53 p.N235S","AML-41-001"
"8","7",0.043,"WT1 p.R369X","AML-41-001"
"0","8",0.157,"IDH2 p.R140Q","AML-41-001"
"6","0",0.336,"SRSF2 p.P95H","AML-41-001"
"1","6",0.062,"KRAS p.G12A","AML-41-001"
"2","6",0.059,"NRAS p.G12A","AML-41-001"
"3","6",0.181,"NRAS p.G13R","AML-41-001"
"4","6",0.053,"PTPN11 p.A72T","AML-41-001"
"5","6",0.054,"PTPN11 p.D61H","AML-41-001"
"12","root",NA,"none","AML-04-003"
"6","12",0.02,"SF3B1 p.K666N","AML-04-003"
"7","6",0.025,"SRSF2 p.P95H","AML-04-003"
"0","7",0.007,"FLT3-ITD ","AML-04-003"
"5","0",0.005,"PTPN11 p.F71L","AML-04-003"
"1","7",0.005,"FLT3 p.D835E","AML-04-003"
"9","1",0.001,"WT1 p.R380W","AML-04-003"
"10","9",0.008,"WT1 p.R380fs","AML-04-003"
"3","7",0.151,"IDH1 p.R132S","AML-04-003"
"4","7",0.125,"NRAS p.G12D","AML-04-003"
"2","4",0.541,"IDH1 p.R132C","AML-04-003"
"8","2",0.057,"WT1 p.R369fs","AML-04-003"
"11","2",0.055,"WT1 p.V371fs","AML-04-003"
"2","root",NA,"none","AML-46-001"
"1","2",0.27,"PTPN11 p.A72T","AML-46-001"
"0","1",0.73,"NPM1 p.L287fs","AML-46-001"
"11","root",NA,"none","AML-99-004"
"2","11",0.064,"DNMT3A p.R882H","AML-99-004"
"5","2",0.035,"IDH2 p.R140Q","AML-99-004"
"6","5",0.168,"NRAS p.G60E","AML-99-004"
"8","5",0.062,"RUNX1 p.R162K","AML-99-004"
"10","8",0.06,"SRSF2 p.P95L","AML-99-004"
"3","10",0.152,"FLT3-ITD ","AML-99-004"
"7","10",0.033,"PTPN11 p.I282V","AML-99-004"
"9","10",0.065,"RUNX1 p.S318fs","AML-99-004"
"4","9",0.145,"IDH1 p.R132C","AML-99-004"
"2","root",NA,"none","AML-71-001"
"0","2",0.864,"NRAS p.G12R","AML-71-001"
"1","0",0.136,"RUNX1 p.P301fs","AML-71-001"
"4","root",NA,"none","AML-63-004"
"1","4",0.524,"IDH2 p.R140Q","AML-63-004"
"3","1",0.476,"NPM1 p.L287fs","AML-63-004"
"6","root",NA,"none","AML-82-001"
"0","6",0.015,"DNMT3A p.R882C","AML-82-001"
"2","0",0.047,"IDH1 p.R132H","AML-82-001"
"4","2",0.201,"PTPN11 p.E76V","AML-82-001"
"3","4",0.433,"NPM1 p.L287fs","AML-82-001"
"1","3",0.149,"FLT3 p.D835Y","AML-82-001"
"5","3",0.155,"PTPN11 p.G60V","AML-82-001"
"3","root",NA,"none","AML-78-001"
"0","3",0.071,"DNMT3A p.R882H","AML-78-001"
"1","0",0.076,"PPM1D p.T483fs","AML-78-001"
"2","3",0.853,"TP53 p.V216M","AML-78-001"
"5","root",NA,"none","AML-21-001"
"3","5",0.119,"WT1 p.A382fs","AML-21-001"
"1","3",0.162,"NPM1 p.L287fs","AML-21-001"
"2","1",0.719,"NRAS p.G12D","AML-21-001"
"5","root",NA,"none","AML-28-001"
"2","5",0.028,"IDH1 p.R132H","AML-28-001"
"0","2",0.09,"DNMT3A p.R882C","AML-28-001"
"4","0",0.508,"NPM1 p.L287fs","AML-28-001"
"1","4",0.187,"FLT3-ITD ","AML-28-001"
"3","4",0.089,"IDH2 p.R140Q","AML-28-001"
"5","root",NA,"none","AML-97-003"
"0","5",0.714,"DNMT3A p.R882H","AML-97-003"
"3","0",0.286,"NRAS p.G13D","AML-97-003"
"3","root",NA,"none","AML-16-001"
"1","3",0.26,"IDH1 p.R132H","AML-16-001"
"0","1",0.589,"DNMT3A p.R882H","AML-16-001"
"2","3",0.151,"IDH2 p.R140Q","AML-16-001"
"8","root",NA,"none","AML-81-001"
"2","8",0.18,"FLT3 p.D835E","AML-81-001"
"0","2",0.093,"FLT3-ITD ","AML-81-001"
"1","2",0.054,"FLT3 p.836","AML-81-001"
"3","8",0.116,"FLT3 p.D835Y","AML-81-001"
"4","8",0.177,"KRAS p.G13D","AML-81-001"
"6","4",0.104,"NRAS p.G12D","AML-81-001"
"7","4",0.063,"NRAS p.G12S","AML-81-001"
"5","8",0.11,"NRAS p.G12C","AML-81-001"
"3","root",NA,"none","AML-18-002"
"1","3",0.315,"IDH2 p.R172K","AML-18-002"
"2","1",0.149,"RUNX1 splicing","AML-18-002"
"0","2",0.536,"ASXL1 p.P808fs","AML-18-002"
"7","root",NA,"none","AML-88-001"
"5","7",0.015,"SF3B1 p.K666R","AML-88-001"
"1","5",0.05,"FLT3-ITD ","AML-88-001"
"6","1",0.101,"TET2 p.S1267X","AML-88-001"
"0","6",0.293,"DNMT3A p.R882H","AML-88-001"
"4","0",0.393,"NPM1 p.L287fs","AML-88-001"
"2","4",0.075,"FLT3 p.834","AML-88-001"
"3","4",0.071,"FLT3 p.D835V","AML-88-001"
"2","root",NA,"none","AML-72-001"
"1","2",0.252,"PTPN11 p.E76Q","AML-72-001"
"0","1",0.748,"NPM1 p.L287fs","AML-72-001"
"4","root",NA,"none","AML-45-001"
"0","4",0.191,"ASXL1 p.E801X","AML-45-001"
"1","0",0.591,"KRAS p.G12R","AML-45-001"
"2","1",0.07,"NRAS p.G12A","AML-45-001"
"3","0",0.148,"NRAS p.G12D","AML-45-001"
"5","root",NA,"none","AML-102-001"
"1","5",0.029,"FLT3 p.D835Y","AML-102-001"
"4","1",0.082,"WT1 p.R380fs","AML-102-001"
"0","4",0.281,"DNMT3A p.R882H","AML-102-001"
"3","0",0.343,"NPM1 p.L287fs","AML-102-001"
"2","3",0.264,"GATA2 p.S340fs","AML-102-001"
"3","root",NA,"none","AML-101-001"
"1","3",0.383,"TP53 p.V143M","AML-101-001"
"2","1",0.451,"TP53 p.Y220C","AML-101-001"
"0","2",0.166,"KRAS p.G13D","AML-101-001"
"2","root",NA,"none","AML-15-001"
"0","2",0.263,"IDH1 p.R132G","AML-15-001"
"1","0",0.737,"NPM1 p.L287fs","AML-15-001"
"1","root",NA,"none","AML-104-001"
"0","1",1,"IDH2 p.R140Q","AML-104-001"
"2","root",NA,"none","AML-107-001"
"1","2",0.236,"TP53 splicing","AML-107-001"
"0","1",0.764,"DNMT3A p.R736C","AML-107-001"
"8","root",NA,"none","AML-22-001"
"1","8",0.192,"KRAS p.G12V","AML-22-001"
"0","1",0.093,"KRAS p.G12S","AML-22-001"
"4","1",0.13,"NRAS p.G12S","AML-22-001"
"5","1",0.083,"NRAS p.G12V","AML-22-001"
"6","1",0.102,"NRAS p.G13C","AML-22-001"
"2","8",0.137,"NRAS p.G12C","AML-22-001"
"3","8",0.099,"NRAS p.G12D","AML-22-001"
"7","8",0.163,"NRAS p.G13D","AML-22-001"
"3","root",NA,"none","AML-108-001"
"0","3",0.3,"IDH2 p.R140Q","AML-108-001"
"1","0",0.315,"NPM1 p.L287fs","AML-108-001"
"2","1",0.385,"SRSF2 p.P95H","AML-108-001"
"3","root",NA,"none","AML-120-001"
"2","3",0.142,"SF3B1 p.K666N","AML-120-001"
"0","2",0.422,"DNMT3A p.F902S","AML-120-001"
"1","0",0.436,"RUNX1 p.P425fs","AML-120-001"
"4","root",NA,"none","AML-123-001"
"0","4",0.054,"DNMT3A p.R882C","AML-123-001"
"2","0",0.071,"TET2 p.H717fs","AML-123-001"
"3","2",0.287,"U2AF1 p.S34F","AML-123-001"
"1","3",0.588,"RUNX1 p.R204X","AML-123-001"
"3","root",NA,"none","AML-54-001"
"1","3",0.262,"FLT3-ITD ","AML-54-001"
"0","1",0.285,"ASXL1 p.G642fs","AML-54-001"
"2","0",0.453,"SRSF2 p.P95R","AML-54-001"
"7","root",NA,"none","AML-90-001"
"5","7",0.047,"TET2 p.Q866X","AML-90-001"
"4","5",0.061,"SF3B1 p.K666N","AML-90-001"
"2","4",0.054,"NRAS p.G12D","AML-90-001"
"1","2",0.057,"NPM1 p.L287fs","AML-90-001"
"3","1",0.137,"PHF6 p.R274Q","AML-90-001"
"6","1",0.406,"TP53 p.V274L","AML-90-001"
"0","6",0.153,"CBL p.C421S","AML-90-001"
"6","root",NA,"none","AML-09-002"
"4","6",0.057,"NPM1 p.L287fs","AML-09-002"
"2","4",0.864,"FLT3 p.D835Y","AML-09-002"
"5","2",0.079,"WT1 p.P372fs","AML-09-002"
"11","root",NA,"none","AML-99-001"
"2","11",0.038,"DNMT3A p.R882H","AML-99-001"
"5","2",0.018,"IDH2 p.R140Q","AML-99-001"
"6","5",0.008,"NRAS p.G60E","AML-99-001"
"8","5",0.283,"RUNX1 p.R162K","AML-99-001"
"0","8",0.115,"CSF3R p.Q768X","AML-99-001"
"10","8",0.269,"SRSF2 p.P95L","AML-99-001"
"9","10",0.084,"RUNX1 p.S318fs","AML-99-001"
"4","root",NA,"none","AML-63-001"
"1","4",0.133,"IDH2 p.R140Q","AML-63-001"
"3","1",0.302,"NPM1 p.L287fs","AML-63-001"
"0","3",0.288,"FLT3-ITD ","AML-63-001"
"2","3",0.277,"KIT p.D816V","AML-63-001"
"5","root",NA,"none","AML-97-006"
"0","5",0.15,"DNMT3A p.R882H","AML-97-006"
"3","0",0.076,"NRAS p.G13D","AML-97-006"
"2","3",0.063,"NPM1 p.L287fs","AML-97-006"
"1","2",0.563,"FLT3-ITD ","AML-97-006"
"4","5",0.148,"WT1 p.G373X","AML-97-006"
"3","root",NA,"none","AML-33-001"
"2","3",0.222,"SRSF2 p.P95H","AML-33-001"
"0","2",0.307,"IDH2 p.R140Q","AML-33-001"
"1","0",0.471,"RUNX1 p.D198N","AML-33-001"
"12","root",NA,"none","AML-04-001"
"6","12",0.023,"SF3B1 p.K666N","AML-04-001"
"7","6",0.04,"SRSF2 p.P95H","AML-04-001"
"0","7",0.701,"FLT3-ITD ","AML-04-001"
"5","0",0.175,"PTPN11 p.F71L","AML-04-001"
"1","7",0.007,"FLT3 p.D835E","AML-04-001"
"9","1",0.001,"WT1 p.R380W","AML-04-001"
"10","9",0.044,"WT1 p.R380fs","AML-04-001"
"4","7",0.009,"NRAS p.G12D","AML-04-001"
"2","4",0.001,"IDH1 p.R132C","AML-04-001"
"4","root",NA,"none","AML-60-001"
"2","4",0.12,"IDH2 p.R140Q","AML-60-001"
"0","2",0.268,"ASXL1 p.G642fs","AML-60-001"
"3","0",0.501,"SRSF2 p.P95H","AML-60-001"
"1","3",0.11,"FLT3-ITD ","AML-60-001"
"4","root",NA,"none","AML-93-001"
"3","4",0.074,"TET2 p.K1329X","AML-93-001"
"1","3",0.247,"IDH2 p.R140Q","AML-93-001"
"0","1",0.33,"ASXL1 p.G642fs","AML-93-001"
"2","0",0.349,"SRSF2 p.P95L","AML-93-001"
"3","root",NA,"none","AML-69-001"
"1","3",0.813,"NRAS p.G13D","AML-69-001"
"2","3",0.144,"RUNX1 p.S322X","AML-69-001"
"0","2",0.043,"KRAS p.G12A","AML-69-001"
"11","root",NA,"none","AML-99-005"
"2","11",0.057,"DNMT3A p.R882H","AML-99-005"
"5","2",0.021,"IDH2 p.R140Q","AML-99-005"
"6","5",0.049,"NRAS p.G60E","AML-99-005"
"8","5",0.067,"RUNX1 p.R162K","AML-99-005"
"1","8",0.048,"CSF3R p.Q776X","AML-99-005"
"10","8",0.056,"SRSF2 p.P95L","AML-99-005"
"3","10",0.473,"FLT3-ITD ","AML-99-005"
"7","10",0.025,"PTPN11 p.I282V","AML-99-005"
"9","10",0.05,"RUNX1 p.S318fs","AML-99-005"
"4","9",0.055,"IDH1 p.R132C","AML-99-005"
"2","root",NA,"none","AML-57-001"
"1","2",0.514,"SRSF2 p.P95R","AML-57-001"
"0","1",0.486,"NPM1 p.L287fs","AML-57-001"
"4","root",NA,"none","AML-63-005"
"1","4",0.511,"IDH2 p.R140Q","AML-63-005"
"3","1",0.489,"NPM1 p.L287fs","AML-63-005"
"3","root",NA,"none","AML-07-001"
"0","3",0.084,"IDH2 p.R140Q","AML-07-001"
"2","0",0.128,"SRSF2 p.P95H","AML-07-001"
"1","2",0.788,"RUNX1 p.D123fs","AML-07-001"
"5","root",NA,"none","AML-97-002"
"0","5",0.63,"DNMT3A p.R882H","AML-97-002"
"3","0",0.249,"NRAS p.G13D","AML-97-002"
"2","3",0.121,"NPM1 p.L287fs","AML-97-002"
"4","root",NA,"none","AML-30-001"
"0","4",0.363,"DNMT3A p.R882H","AML-30-001"
"2","0",0.267,"NPM1 p.L287fs","AML-30-001"
"3","2",0.19,"NRAS p.G13D","AML-30-001"
"1","3",0.18,"IDH2 p.R140Q","AML-30-001"
"4","root",NA,"none","AML-39-001"
"3","4",0.161,"SF3B1 p.K700E","AML-39-001"
"0","3",0.334,"GATA2 p.N297S","AML-39-001"
"1","0",0.056,"PTPN11 p.A72V","AML-39-001"
"2","0",0.449,"PTPN11 p.G503A","AML-39-001"
"5","root",NA,"none","AML-55-001"
"4","5",0.369,"SRSF2 p.P95H","AML-55-001"
"3","4",0.073,"RUNX1 p.R166Q","AML-55-001"
"2","3",0.017,"IDH1 p.R132C","AML-55-001"
"0","2",0.071,"ASXL1 p.H630fs","AML-55-001"
"1","0",0.471,"DNMT3A p.R882C","AML-55-001"
"7","root",NA,"none","AML-88-001-07"
"5","7",0.599,"SF3B1 p.K666R","AML-88-001-07"
"1","5",0.125,"FLT3-ITD ","AML-88-001-07"
"6","1",0.068,"TET2 p.S1267X","AML-88-001-07"
"0","6",0.106,"DNMT3A p.R882H","AML-88-001-07"
"4","0",0.101,"NPM1 p.L287fs","AML-88-001-07"
"6","root",NA,"none","AML-98-001"
"0","6",0.026,"BCOR p.Q1624X","AML-98-001"
"2","0",0.395,"PTPN11 p.A72T","AML-98-001"
"1","2",0.345,"KIT p.D816V","AML-98-001"
"4","1",0.205,"RUNX1 p.F158fs","AML-98-001"
"3","2",0.014,"RUNX1 p.A147","AML-98-001"
"5","2",0.014,"WT1 p.R381fs","AML-98-001"
"6","root",NA,"none","AML-62-001"
"1","6",0.038,"IDH1 p.R132H","AML-62-001"
"2","1",0.056,"NPM1 p.L287fs","AML-62-001"
"0","2",0.072,"FLT3-ITD ","AML-62-001"
"3","2",0.371,"PTPN11 p.A72T","AML-62-001"
"4","2",0.015,"PTPN11 p.D61A","AML-62-001"
"5","2",0.447,"PTPN11 p.F71L","AML-62-001"
"4","root",NA,"none","AML-01-002"
"0","4",0.181,"FLT3-ITD ","AML-01-002"
"2","0",0.113,"WT1 p.R370fs","AML-01-002"
"1","2",0.398,"NPM1 p.L287fs","AML-01-002"
"3","1",0.307,"WT1 p.R380fs","AML-01-002"
"6","root",NA,"none","AML-91-001"
"5","6",0.016,"TET2 p.Q1567X","AML-91-001"
"0","5",0.093,"ASXL1 p.T844fs","AML-91-001"
"1","0",0.151,"KIT p.D816V","AML-91-001"
"3","1",0.279,"RUNX1 p.R320fs","AML-91-001"
"4","3",0.289,"SRSF2 p.P95R","AML-91-001"
"2","4",0.173,"PTPN11 p.A72V","AML-91-001"
"5","root",NA,"none","AML-32-001"
"0","5",0.026,"DNMT3A p.R882H","AML-32-001"
"4","0",0.027,"SF3B1 p.K700E","AML-32-001"
"3","4",0.092,"RUNX1 p.R166G","AML-32-001"
"1","3",0.125,"FLT3-ITD ","AML-32-001"
"2","3",0.731,"FLT3 p.D835Y","AML-32-001"
"4","root",NA,"none","AML-66-002"
"0","4",0.35,"ASXL1 p.G642fs","AML-66-002"
"3","0",0.396,"SRSF2 p.P95L","AML-66-002"
"2","3",0.158,"PTPN11 p.G503E","AML-66-002"
"1","2",0.097,"NRAS p.G12S","AML-66-002"
"5","root",NA,"none","AML-05-001"
"1","5",0.345,"FLT3 p.D835A","AML-05-001"
"3","1",0.12,"FLT3 p.N676K","AML-05-001"
"4","5",0.29,"NRAS p.G13D","AML-05-001"
"0","4",0.133,"FLT3-ITD ","AML-05-001"
"2","4",0.111,"FLT3 p.D835Y","AML-05-001"
"5","root",NA,"none","AML-92-001"
"3","5",0.067,"RUNX1 p.R204Q","AML-92-001"
"2","3",0.094,"JAK2 p.V617F","AML-92-001"
"0","2",0.492,"IDH1 p.R132C","AML-92-001"
"1","2",0.101,"IDH1 p.R132H","AML-92-001"
"4","3",0.246,"TET2 p.P1638fs","AML-92-001"
"4","root",NA,"none","AML-68-001"
"0","4",0.08,"DNMT3A p.R882H","AML-68-001"
"1","0",0.213,"FLT3-ITD ","AML-68-001"
"3","1",0.593,"NPM1 p.L287fs","AML-68-001"
"2","3",0.115,"KRAS p.G12S","AML-68-001"
"6","root",NA,"none","AML-61-001"
"2","6",0.16,"NPM1 p.R291fs","AML-61-001"
"3","2",0.181,"NRAS p.G13D","AML-61-001"
"4","2",0.307,"PTPN11 p.N58D","AML-61-001"
"0","4",0.073,"IDH1 p.R132H","AML-61-001"
"5","2",0.058,"PTPN11 p.P491S","AML-61-001"
"1","5",0.213,"IDH2 p.R140Q","AML-61-001"
"1","root",NA,"none","AML-56-001"
"0","1",1,"IDH2 p.R140Q","AML-56-001"
"5","root",NA,"none","AML-06-001"
"1","5",0.277,"NRAS p.G12D","AML-06-001"
"0","1",0.201,"FLT3-ITD ","AML-06-001"
"2","1",0.155,"NRAS p.G13D","AML-06-001"
"3","1",0.157,"NRAS p.G13R","AML-06-001"
"4","5",0.21,"NRAS p.Q61H","AML-06-001"
"12","root",NA,"none","AML-38-001"
"6","12",0.017,"NPM1 p.L287fs","AML-38-001"
"2","6",0.058,"IDH1 p.R132H","AML-38-001"
"4","2",0.365,"KRAS p.G12A","AML-38-001"
"1","4",0.031,"FLT3 p.D835H","AML-38-001"
"10","2",0.071,"PTPN11 p.D61H","AML-38-001"
"5","10",0.005,"KRAS p.G12D","AML-38-001"
"11","10",0.007,"PTPN11 p.G503A","AML-38-001"
"3","6",0.054,"IDH2 p.R140Q","AML-38-001"
"0","3",0.219,"FLT3-ITD ","AML-38-001"
"7","3",0.05,"NRAS p.G12A","AML-38-001"
"8","3",0.106,"NRAS p.G13R","AML-38-001"
"9","3",0.016,"PTPN11 p.A72G","AML-38-001"
"5","root",NA,"none","AML-31-001"
"1","5",0.232,"NPM1 p.L287fs","AML-31-001"
"0","1",0.17,"FLT3-ITD ","AML-31-001"
"2","1",0.242,"NRAS p.G13V","AML-31-001"
"3","2",0.154,"PTPN11 p.T52N","AML-31-001"
"4","1",0.203,"WT1 p.A382fs","AML-31-001"
"3","root",NA,"none","AML-47-001"
"2","3",0.065,"WT1 p.S381X","AML-47-001"
"0","2",0.226,"FLT3 p.D835Y","AML-47-001"
"1","0",0.709,"NPM1 p.L287fs","AML-47-001"
"5","root",NA,"none","AML-83-001"
"1","5",0.058,"DNMT3A p.V763fs","AML-83-001"
"2","1",0.18,"IDH2 p.R172K","AML-83-001"
"0","2",0.762,"DNMT3A p.L889P","AML-83-001"
"3","root",NA,"none","AML-79-001"
"1","3",0.381,"TP53 p.A138V","AML-79-001"
"2","3",0.59,"TP53 p.S315T","AML-79-001"
"0","2",0.028,"PPM1D p.E475fs","AML-79-001"
"4","root",NA,"none","AML-70-001"
"0","4",0.073,"IDH2 p.R140Q","AML-70-001"
"1","0",0.415,"KRAS p.D33E","AML-70-001"
"3","1",0.471,"SRSF2 p.P95L","AML-70-001"
"2","3",0.041,"NRAS p.G60E","AML-70-001"
"4","root",NA,"none","AML-29-001"
"0","4",0.17,"ASXL1 p.G642fs","AML-29-001"
"3","0",0.286,"SRSF2 p.P95H","AML-29-001"
"2","3",0.497,"RUNX1 p.R201Q","AML-29-001"
"1","2",0.048,"IDH2 p.R140Q","AML-29-001"
"3","root",NA,"none","AML-20-001"
"0","3",0.297,"DNMT3A p.R882C","AML-20-001"
"1","0",0.202,"NPM1 p.L287fs","AML-20-001"
"2","1",0.501,"NRAS p.G13V","AML-20-001"
"3","root",NA,"none","AML-17-001"
"2","3",0.07,"NRAS p.G12D","AML-17-001"
"0","2",0.214,"DNMT3A p.F868L","AML-17-001"
"1","0",0.716,"NPM1 p.L287fs","AML-17-001"
"3","root",NA,"none","AML-89-001"
"0","3",0.416,"GATA2 p.L359V","AML-89-001"
"1","0",0.258,"JAK2 p.V617F","AML-89-001"
"2","0",0.326,"NRAS p.Q61H","AML-89-001"
"2","root",NA,"none","AML-73-001"
"1","2",0.546,"SF3B1 p.K666N","AML-73-001"
"0","1",0.454,"FLT3 p.V491L","AML-73-001"
"3","root",NA,"none","AML-80-001"
"1","3",0.075,"TET2 p.I274fs","AML-80-001"
"2","1",0.306,"TP53 p.A355S","AML-80-001"
"0","2",0.618,"NPM1 p.L287fs","AML-80-001"
"3","root",NA,"none","AML-44-001"
"1","3",0.242,"RUNX1 p.G165fs","AML-44-001"
"2","1",0.652,"WT1 p.R462L","AML-44-001"
"0","2",0.106,"FLT3-ITD ","AML-44-001"
"7","root",NA,"none","AML-14-001"
"3","7",0.214,"NPM1 p.L287fs","AML-14-001"
"0","3",0.038,"KRAS p.G12D","AML-14-001"
"1","3",0.159,"KRAS p.G12V","AML-14-001"
"2","3",0.068,"KRAS p.G13D","AML-14-001"
"4","3",0.074,"NRAS p.G12D","AML-14-001"
"5","3",0.198,"NRAS p.G13R","AML-14-001"
"6","3",0.249,"PTPN11 p.A72T","AML-14-001"
"3","root",NA,"none","AML-117-001"
"2","3",0.151,"TP53 p.V173M","AML-117-001"
"0","2",0.163,"DNMT3A p.R882H","AML-117-001"
"1","0",0.686,"IDH2 p.R140Q","AML-117-001"
"5","root",NA,"none","AML-114-001"
"0","5",0.008,"DNMT3A p.R882C","AML-114-001"
"1","0",0.005,"ETV6 p.406","AML-114-001"
"4","1",0.034,"SETBP1 p.D868N","AML-114-001"
"2","4",0.148,"EZH2 splicing","AML-114-001"
"3","2",0.805,"NRAS p.G12C","AML-114-001"
"4","root",NA,"none","AML-111-001"
"2","4",0.085,"SETBP1 p.D868N","AML-111-001"
"1","2",0.199,"RUNX1 p.G165R","AML-111-001"
"0","1",0.398,"ASXL1 p.P935fs","AML-111-001"
"3","0",0.318,"WT1 p.R434C","AML-111-001"
"5","root",NA,"none","AML-112-001"
"3","5",0.061,"TET2 p.N483fs","AML-112-001"
"0","3",0.07,"DNMT3A p.R882H","AML-112-001"
"1","0",0.163,"KIT p.D816V","AML-112-001"
"4","1",0.261,"TET2 p.R1387fs","AML-112-001"
"2","4",0.444,"NPM1 p.L287fs","AML-112-001"
"4","root",NA,"none","AML-66-003"
"0","4",0.114,"ASXL1 p.G642fs","AML-66-003"
"3","0",0.132,"SRSF2 p.P95L","AML-66-003"
"2","3",0.508,"PTPN11 p.G503E","AML-66-003"
"1","2",0.245,"NRAS p.G12S","AML-66-003"
"4","root",NA,"none","AML-118-001"
"3","4",0.109,"TET2 p.G1382D","AML-118-001"
"2","3",0.31,"TET2 p.E1255X","AML-118-001"
"1","2",0.272,"SRSF2 p.P95R","AML-118-001"
"0","1",0.309,"NPM1 p.L287fs","AML-118-001"
"2","root",NA,"none","AML-23-001"
"1","2",0.514,"WT1 p.V379fs","AML-23-001"
"0","1",0.486,"NRAS p.G13R","AML-23-001"
